,Title,Email_Address,Website
0,2MGA S.R.L.,mailto:info@2mga.it,http://www.2mga.it
1,"3DC – INTELLIGENT NATURE, LDA.",mailto:info@3dcork.com,http://www.3dcork.com
2,A 22 SRL,mailto:info@aventidue.com,http://
3,ABC CARUSO GROUP SRL,mailto:info@abccaruso.it,http://www.abccaruso.it
4,A+B HIDES GMBH & CO. KG,mailto:pm@aplusb-hides.de,http://www.aplusb-hides.com
5,ABIP BY RUSSO DI CASANDRINO,mailto:info@abip.it,http://www.abip.com
6,ABITALIA INC.,mailto:andrea.rossini@abitaliainc.it,http://www.abitaliainc.it
7,ABSOLUTARGET LDA – PORTUGALSHOES,mailto:ricardo@absolutarget.com,http://www.absolutarget.com
8,"A. CASTRO & FILHOS, LDA",mailto:sandra.acastro@mail.telepac.pt,http://www.castroefilhos.pt
9,ACCESSORI METALLICI 4 X 4  SRL,mailto:accessorimetallici4x4srl@gmail.com,http://www.accessori4x4.it
10,ACCESSORI SERVICE SRL,mailto:accessoriservice@accessoriservice.it,http://
11,ACCESSORI VAL VIBRATA SRL,mailto:info@accessorivalvibrata.com,http://www.accessorivalvibrata.com
12,ACCOPPIATURA VIGEVANESE SRL,mailto:amministrazione@accoppiaturavigevanese.it,http://www.accoppiaturavigevanese.it
13,ACM  SRL,mailto:info@acmdettaglidimoda.it,http://www.acmdettaglidimoda.it
14,A.C.R.A.  SRL,mailto:info@acrasrl.it,http://www.acrasrl.it
15,ACS ACCESSORIES,mailto:info@acs-accessori.com,http://https://www.acs-accessori.com
16,ADELAIDE SPA,mailto:info.adelaide@yahoo.it,http://http://www.fincoadelaide.com/
17,"ADETEX, S.L.",mailto:info@adetex.es,http://www.adetex.es
18,ADIGE 2007 SRL CONCERIA,mailto:adige@adige2007.it,http://
19,"ADORNOS CLEMENT, S.L.",mailto:jose@fclement.com,http://www.fclement.com
20,ADRIATICA ACCESSORI ,mailto:adriaccessori@aa-italy.com,http://www.aa-italy.com
21,AF DI ALBARELLO FERDINANDO INTL. SRL,mailto:info@albarellofratelli.it,http://www.albarelloferdinando.com
22,AFI TANNERY,mailto:mail@afitan.com,http://www.afitan.com
23,AFRA IMPORT AND EXPORTS,mailto:mail@afraimportexports.com,http://www.afraimportexports.com
24,AGARTIOGLU DERI MAN. SAN. TIC. LTD. STI,mailto:info@agartiogluderi.com,http://www.agamoda.com.tr
